"provincia","anio","hoteles","restaurantes","vab_total","porc_hoteles","porc_restaurantes","porc_hyr"
"CABA",2004,581.279579735017,2165.50211313494,85706.9389997919,0.0067821764085686,0.025266356941533,0.0320485333501016
"CABA",2005,599.451212525129,2339.13272715095,93498.5936643454,0.00641133934781013,0.0250178386163572,0.0314291779641673
"CABA",2006,625.763207131527,2454.1872585825,101670.21287461,0.00615483325389789,0.0241387048299904,0.0302935380838883
"CABA",2007,686.336786748205,2656.77419025537,112133.303076287,0.00612072210413059,0.0236929985773085,0.0298137206814391
"CABA",2008,672.80120303979,2614.00895635635,117261.871114757,0.00573759566211732,0.0222920624709986,0.0280296581331159
"CABA",2009,559.979255504748,2529.00268226671,114087.17856571,0.00490834520184247,0.0221672821964836,0.0270756273983261
"CABA",2010,734.494188888514,2633.50696241906,120846.765384385,0.00607789696771992,0.0217921179275465,0.0278700148952664
"CABA",2011,741.510371947382,2727.61704436091,126825.757986647,0.00584668590764861,0.0215068065640742,0.0273534924717228
"CABA",2012,712.07108847549,2689.89861960418,124949.919864713,0.00569885190199778,0.0215278138834872,0.027226665785485
"CABA",2013,739.638730912327,2591.32953572813,125041.896576724,0.00591512725863443,0.020723690272389,0.0266388175310235
"CABA",2014,779.705829710579,2472.28163618292,122464.180371866,0.00636680723574012,0.0201877939220739,0.026554601157814
"CABA",2015,753.053723802792,2433.72051389068,124247.152353416,0.00606093346639254,0.0195877367633188,0.0256486702297114
"CABA",2016,738.136311097236,2445.83632380657,123199.881431681,0.00599137192763096,0.0198525866695974,0.0258439585972284
"CABA",2017,767.705239401877,2481.16423678131,125973.652127237,0.00609417307856148,0.0196958982682765,0.025790071346838
"CABA",2018,715.492530320759,2454.07442040105,124075.627185066,0.00576658403066994,0.0197788596848328,0.0255454437155028
"CABA",2019,725.136100390138,2448.41032492692,118237.390234741,0.00613288316792597,0.0207075809104548,0.0268404640783808
"CABA",2020,145.458222292193,1364.58062256866,103834.724852345,0.00140086298200373,0.0131418523476527,0.0145427153296564
"CABA",2021,152.067441783822,1629.39193046631,113402.664487132,0.00134095122430811,0.0143681979416912,0.0157091491659993
"CABA",2022,642.611888895944,1976.39472770069,119077.261827467,0.0053965961177965,0.0165975829253139,0.0219941790431104
"CABA",2023,750.275531300182,2146.64515327849,119523.878126157,0.00627720203747297,0.0179599690616859,0.0242371710991588
"Buenos Aires",2004,289.362869649252,1268.0296173402,131865.786636822,0.00219437412106144,0.00961606228333163,0.0118104364043931
"Buenos Aires",2005,365.477266583013,1462.92769843744,144239.001615442,0.00253383108930148,0.0101423864700463,0.0126762175593477
"Buenos Aires",2006,436.643224134295,1638.84087897346,154667.803982078,0.00282310353475304,0.0105958760438815,0.0134189795786345
"Buenos Aires",2007,495.800912357119,1908.92328561125,165764.354198737,0.00299099836483963,0.0115158852748439,0.0145068836396836
"Buenos Aires",2008,422.053217705531,1971.94018006255,173660.630630806,0.00243033332409575,0.0113551365839204,0.0137854699080161
"Buenos Aires",2009,354.021028828849,1989.67739587538,162677.777999567,0.00217621013258364,0.0122307878822925,0.0144069980148762
"Buenos Aires",2010,415.438329891848,2182.15298046189,182196.42174833,0.00228016733756549,0.0119769255593621,0.0142570928969276
"Buenos Aires",2011,410.522852738196,2353.07075586516,193596.883917492,0.00212050341116624,0.0121544867264909,0.0142749901376572
"Buenos Aires",2012,438.114582043821,2411.64040332643,192649.041014262,0.00227415916392435,0.0125183099309998,0.0147924690949242
"Buenos Aires",2013,383.105984494971,2417.07908609834,196324.7610253,0.00195138902751855,0.0123116364613165,0.0142630254888351
"Buenos Aires",2014,390.281225760047,2360.29262813233,189466.135568554,0.00205989964691517,0.0124575962931292,0.0145174959400444
"Buenos Aires",2015,393.402096272516,2445.45529683099,195435.292080852,0.00201295319839042,0.0125128643388488,0.0145258175372392
"Buenos Aires",2016,368.466837388489,2548.75310866516,191324.344063332,0.00192587534635174,0.0133216351590965,0.0152475105054482
"Buenos Aires",2017,379.073634192997,2593.50945085439,196195.454568289,0.00193212240837646,0.0132190088529889,0.0151511312613653
"Buenos Aires",2018,386.247971285228,2550.8469190439,189876.093874819,0.00203421064444201,0.0134342710922082,0.0154684817366503
"Buenos Aires",2019,374.297131187518,2523.47401774438,185100.148711974,0.00202213306575969,0.0136330199370668,0.0156551530028265
"Buenos Aires",2020,206.343618625551,1422.09386481794,167866.007137254,0.00122921621920057,0.00847160118400373,0.0097008174032043
"Buenos Aires",2021,225.34719317533,1706.10254873736,186661.141590374,0.00120725283931806,0.00914010561706188,0.0103473584563799
"Buenos Aires",2022,491.856135051354,2052.49094996232,196714.602621076,0.00250035395693932,0.0104338514915233,0.0129342054484626
"Buenos Aires",2023,488.356020136737,2228.23807494891,193076.175307221,0.00252934376475849,0.0115407199847592,0.0140700637495177
"Catamarca",2004,10.0091236308792,24.2753812180586,3857.95921624612,0.00259440887522349,0.00629228559903728,0.00888669447426077
"Catamarca",2005,12.1855609330874,24.8624037492059,4349.61188072425,0.00280152833568645,0.00571600511286678,0.00851753344855322
"Catamarca",2006,12.855174350832,21.684683624527,4585.24073150482,0.00280359856844705,0.00472923558310326,0.0075328341515503
"Catamarca",2007,9.16007700795895,29.2336051536143,4733.58214096317,0.00193512581701922,0.00617578913454029,0.00811091495155951
"Catamarca",2008,10.4625606782373,33.8108758446127,4554.0306004628,0.00229742871670077,0.00742438486056214,0.00972181357726291
"Catamarca",2009,8.7884238154704,32.8012169449278,4155.25443782415,0.00211501460307022,0.0078939129807184,0.0100089275837886
"Catamarca",2010,17.1958391265627,33.7115306266487,4255.86005500717,0.00404050859386957,0.0079212028099904,0.01196171140386
"Catamarca",2011,14.3819762966649,35.1804206324334,4227.89415964526,0.00340168787429428,0.00832102680531274,0.011722714679607
"Catamarca",2012,10.7864752094642,36.0791359913886,4321.49661673035,0.0024960045479858,0.00834875951347756,0.0108447640614634
"Catamarca",2013,12.5212878295543,35.7136513212786,4132.67676993783,0.00302982510527739,0.00864177222401448,0.0116715973292919
"Catamarca",2014,10.3186994015115,33.9448667484174,4257.0024757713,0.00242393549457401,0.00797388936032205,0.0103978248548961
"Catamarca",2015,9.64812288724787,33.7526834894511,3848.44705309304,0.00250701718229268,0.00877046845748435,0.011277485639777
"Catamarca",2016,9.10049916338878,35.0550201208562,3850.06627989793,0.00236372532361444,0.00910504328299136,0.0114687686066058
"Catamarca",2017,10.6931499770557,37.6098245128128,3789.79185080617,0.00282156656566271,0.00992398157825274,0.0127455481439155
"Catamarca",2018,9.87769320480743,33.52847223323,3615.68862679621,0.00273189818714004,0.00927305299044484,0.0120049511775849
"Catamarca",2019,10.6215747849622,32.4556505220882,3268.24477819118,0.00324993245788669,0.00993060579142144,0.0131805382493081
"Catamarca",2020,2.66048496261379,19.0082876754505,2943.72342927649,0.000903782242636729,0.00645722607171774,0.00736100831435447
"Catamarca",2021,7.49564647688828,26.664282451692,3427.65144627654,0.00218681700702993,0.00777916975212209,0.00996598675915202
"Catamarca",2022,9.78286341318644,37.0970342829984,3815.29756316022,0.00256411544610514,0.00972323486409034,0.0122873503101955
"Catamarca",2023,9.83236225529566,42.2142250775976,4091.15760294144,0.00240332033364504,0.0103184059805583,0.0127217263142034
"Córdoba",2004,143.994502941248,412.678010037782,32365.8574108131,0.0044489630264867,0.0127504117935065,0.0171993748199932
"Córdoba",2005,133.011972013113,457.533535434149,37646.1502104797,0.00353321578088179,0.0121535278607793,0.0156867436416611
"Córdoba",2006,149.770870500905,537.835503723308,39981.3014606897,0.00374602289142994,0.0134521759941236,0.0171981988855535
"Córdoba",2007,194.802668146369,572.368380878508,45313.5028627484,0.0042989982199437,0.0126312985030571,0.0169302967230008
"Córdoba",2008,210.227825437509,585.910278280256,46362.1323110572,0.00453447274657319,0.0126376904830263,0.0171721632295995
"Córdoba",2009,208.02705038068,607.196778818163,42126.6040823347,0.00493813956553677,0.0144136179985318,0.0193517575640686
"Córdoba",2010,204.954494327923,648.250536369377,47510.2757757651,0.00431389822478088,0.0136444279849886,0.0179583262097695
"Córdoba",2011,228.992491995719,691.616026284259,49640.7554132143,0.00461299370022805,0.0139324234800051,0.0185454171802332
"Córdoba",2012,213.981758321623,701.617410891841,47356.02811276,0.00451857486468478,0.0148157993576068,0.0193343742222916
"Córdoba",2013,193.249904294345,707.062836349615,50887.6161754348,0.00379758217850325,0.0138945953748751,0.0176921775533783
"Córdoba",2014,190.35248868483,701.31293805812,50214.0526566945,0.00379082106728648,0.0139664675713965,0.017757288638683
"Córdoba",2015,206.629005550623,711.472878786999,52202.432457888,0.00395822561941557,0.0136291135352926,0.0175873391547082
"Córdoba",2016,212.441866148345,725.386001075091,51381.0205359716,0.00413463695217216,0.0141177811088289,0.0182524180610011
"Córdoba",2017,227.242304917928,756.113516898426,52454.1294680056,0.00433221001325614,0.0144147567516037,0.0187469667648598
"Córdoba",2018,243.936181117227,748.163856374775,49000.6022866344,0.00497822822034504,0.0152684624568145,0.0202466906771595
"Córdoba",2019,259.222571125332,720.061300460225,50159.2985120283,0.00516798637172268,0.0143554898457671,0.0195234762174898
"Córdoba",2020,92.7613633905101,399.447643374023,44623.4127940297,0.00207875995094039,0.0089515260793201,0.0110302860302605
"Córdoba",2021,167.414108836778,467.470091260488,50042.1770207231,0.00334546014589752,0.00934152187397648,0.012686982019874
"Córdoba",2022,244.898167766231,578.996386460881,51617.3115650265,0.0047444967655418,0.0112170969177942,0.015961593683336
"Córdoba",2023,264.356485979098,643.658765598527,47892.307092713,0.00551981105164426,0.0134397109822354,0.0189595220338797
"Corrientes",2004,56.8768669417846,68.1540337364628,4777.10315769382,0.0119061416645736,0.0142668122262959,0.0261729538908695
"Corrientes",2005,55.2344950383654,119.914034901411,5418.79520730381,0.0101931320386341,0.0221292797225079,0.032322411761142
"Corrientes",2006,67.2285384105125,207.831800022686,5701.32127647516,0.0117917470618454,0.0364532693290314,0.0482450163908768
"Corrientes",2007,65.3325130196065,159.988060522991,6082.05079870568,0.0107418558611036,0.0263049530196358,0.0370468088807394
"Corrientes",2008,61.6895035865718,151.767877697344,6338.25489029815,0.00973288462743882,0.0239447419398756,0.0336776265673145
"Corrientes",2009,56.0895692818908,126.584920045603,6140.48110004159,0.00913439327767183,0.0206148212140488,0.0297492144917206
"Corrientes",2010,65.6197752479974,131.773833723007,6489.82856528309,0.0101111723657888,0.0203046709782016,0.0304158433439904
"Corrientes",2011,72.9452577344992,143.028640016863,7120.27598459956,0.0102447233635708,0.0200875135073724,0.0303322368709432
"Corrientes",2012,86.4204900094394,145.87455386793,7156.20167053853,0.0120763072350553,0.020384354799346,0.0324606620344013
"Corrientes",2013,101.709487882486,155.612707942663,7340.99906134296,0.0138549926287389,0.0211977561422267,0.0350527487709656
"Corrientes",2014,100.180015046908,160.346792532012,7367.16699123154,0.0135981735131215,0.0217650546978042,0.0353632282109257
"Corrientes",2015,112.127323011677,160.409565927581,7568.68709550765,0.0148146331849588,0.0211938429880119,0.0360084761729707
"Corrientes",2016,114.948544380186,169.074412890376,7413.74326713122,0.0155047916063953,0.0228055392260434,0.0383103308324387
"Corrientes",2017,126.535704441355,177.303346671847,7769.9566131324,0.0162852523819104,0.0228190909550483,0.0391043433369587
"Corrientes",2018,144.445628765086,185.360470368414,7861.25618146088,0.0183743698756098,0.0235789886615765,0.0419533585371863
"Corrientes",2019,138.82698218091,182.88450201354,7578.93887185587,0.0183174695730083,0.0241306210679011,0.0424480906409095
"Corrientes",2020,50.9276610213639,104.56636813502,6917.27288950529,0.00736239003937954,0.0151167041990877,0.0224790942384672
"Corrientes",2021,47.0267685040139,125.365336212101,7557.4076042754,0.00622260581491063,0.0165884047515419,0.0228110105664525
"Corrientes",2022,77.8634518972232,143.257090530651,7705.76533413829,0.010104570866215,0.0185908971164732,0.0286954679826882
"Corrientes",2023,66.1448197635893,155.557345782976,7868.32683778226,0.00840646571085152,0.0197700666215362,0.0281765323323877
"Chaco",2004,10.4482174969474,36.6357119906871,5596.91671012913,0.00186678095066852,0.00654569540482618,0.0084124763554947
"Chaco",2005,10.1465155963247,41.1395115097606,6253.33642669225,0.00162257631830178,0.00657880988685614,0.00820138620515791
"Chaco",2006,12.3498080868952,49.8571943824791,6855.53317765838,0.00180143655742812,0.00727254804118804,0.00907398459861617
"Chaco",2007,12.0015103214048,65.8546729657985,7470.88791885398,0.00160643693919127,0.00881483883590379,0.0104212757750951
"Chaco",2008,11.3322935212119,71.2621243150218,7888.93250067878,0.00143647996991188,0.00903317708814092,0.0104696570580528
"Chaco",2009,10.3035917883297,82.3359730486372,7512.65107668962,0.00137149878027743,0.0109596429021056,0.012331141682383
"Chaco",2010,12.0542800747732,87.900788993197,8460.05237254219,0.00142484698013175,0.0103900998625595,0.0118149468426913
"Chaco",2011,13.869870104806,91.776820526443,9350.02845082324,0.00148340405355502,0.00981567286229619,0.0112990769158512
"Chaco",2012,15.7895028902426,97.0530006068513,8518.86285232749,0.00185347541848601,0.0113927178180049,0.0132461932364909
"Chaco",2013,15.3964871255439,100.297483274789,8938.59575920881,0.00172247269485053,0.0112207203431769,0.0129431930380274
"Chaco",2014,15.8918737995206,99.1670949207581,9649.59064183784,0.00164689616268467,0.0102768188414955,0.0119237150041802
"Chaco",2015,16.9251705800869,106.546718602735,9540.61071713507,0.00177401332911415,0.0111677042237323,0.0129417175528464
"Chaco",2016,18.0706260749417,119.137375514844,9426.65296565329,0.00191697160601789,0.0126383538196357,0.0145553254256535
"Chaco",2017,20.0652805796238,131.313628103252,9798.35838968307,0.00204782064317539,0.0134015947244301,0.0154494153676055
"Chaco",2018,17.4107242850909,120.981768318057,9672.0486318204,0.00180010719009526,0.012508391233687,0.0143084984237823
"Chaco",2019,16.2045940976839,106.390120372579,9147.1865540476,0.00177153860391242,0.0116309118376406,0.013402450441553
"Chaco",2020,1.28480486267669,54.8048541028962,8556.29712327476,0.000150158981644265,0.00640520698536947,0.00655536596701374
"Chaco",2021,10.5380944105543,62.8310975262068,9150.91982392121,0.00115158854118762,0.00686609638541051,0.00801768492659813
"Chaco",2022,13.2332374909312,71.3754490291646,9866.36124300167,0.00134124802092744,0.00723422214849391,0.00857547016942134
"Chaco",2023,13.2468290555307,77.6455569920155,9606.25193352297,0.00137897997545777,0.00808281497605278,0.00946179495151055
"Chubut",2004,25.910800852512,56.8178984038283,9546.84094422621,0.00271407065477324,0.00595148685683204,0.00866555751160528
"Chubut",2005,19.9758251271289,63.3834869403788,9965.73521869438,0.00200445071926624,0.00636014158006926,0.00836459229933551
"Chubut",2006,23.0337555788226,71.0266370723868,10999.4044737717,0.00209409115136615,0.00645731659761683,0.00855140774898298
"Chubut",2007,15.4414929164042,86.9753825714959,11203.244950466,0.00137830539140019,0.00776340988312303,0.00914171527452321
"Chubut",2008,19.9943034397508,87.7137382875306,11325.995937831,0.00176534616024062,0.00774446139385852,0.00950980755409914
"Chubut",2009,20.366690790834,87.1397262714987,10718.5185915465,0.00190014045475434,0.00812982927885428,0.0100299697336086
"Chubut",2010,20.5091223399106,99.5132481626251,11457.5988070303,0.00179000178705213,0.00868534933354138,0.0104753511205935
"Chubut",2011,19.4931975221531,110.957622339402,11920.2104400992,0.00163530649228965,0.00930836103078719,0.0109436675230768
"Chubut",2012,17.1916593382618,111.30384242458,11497.3694595876,0.00149526893074883,0.00968080940738703,0.0111760783381359
"Chubut",2013,19.6189829003862,112.762656811381,11855.4400903305,0.00165485066356902,0.00951146949857662,0.0111663201621456
"Chubut",2014,23.3280483364742,119.634769128318,12167.0408291452,0.00191731487253611,0.00983269233729719,0.0117500072098333
"Chubut",2015,21.8499979130008,127.89351437205,12269.6281686607,0.00178081989222872,0.0104235851823707,0.0122044050745994
"Chubut",2016,19.2719102580749,128.660643893782,11798.8091362702,0.00163337757527003,0.0109045448915918,0.0125379224668618
"Chubut",2017,18.4573375993452,132.255146757505,12125.9371020349,0.00152213700632241,0.0109067980185474,0.0124289350248698
"Chubut",2018,20.972488601121,128.833494017049,12073.8191508252,0.00173702192646207,0.0106704839957988,0.0124075059222608
"Chubut",2019,21.2122194843537,124.732347061629,12216.790158134,0.00173631692202149,0.0102099115600002,0.0119462284820217
"Chubut",2020,8.96925091654432,72.6033888695259,10964.9307119669,0.000817994308596539,0.00662141793475157,0.00743941224334811
"Chubut",2021,19.3178997933787,90.8753240380239,11392.2836134338,0.00169570039237778,0.00797691903762504,0.00967261943000283
"Chubut",2022,25.0457080731451,108.954783120432,11544.8654300825,0.00216942399414059,0.00943751001519073,0.0116069340093313
"Chubut",2023,21.7614196626348,109.765162086423,11292.6455430281,0.00192704354172084,0.00972005733007276,0.0116471008717936
"Entre Ríos",2004,37.7961656593084,73.5945950542123,10433.9138925557,0.00362243411710297,0.00705340256897462,0.0106758366860776
"Entre Ríos",2005,41.9581738492266,98.5161456244186,11702.5549337569,0.00358538576291534,0.008418345069267,0.0120037308321823
"Entre Ríos",2006,63.7861709518661,116.77794077444,12454.632353176,0.00512148164177646,0.00937626559042194,0.0144977472321984
"Entre Ríos",2007,57.1893448386462,135.982595704208,13762.5622411802,0.00415542860671139,0.00988061621965438,0.0140360448263658
"Entre Ríos",2008,54.2115870457424,142.373755480983,14098.5678041926,0.00384518397887345,0.01009845520895,0.0139436391878234
"Entre Ríos",2009,60.9787379231965,136.178901925323,13007.2347248989,0.00468806315968673,0.010469473704864,0.0151575368645507
"Entre Ríos",2010,60.0836005482971,145.075491384546,14942.7296415072,0.00402092535900534,0.00970876773287541,0.0137296930918808
"Entre Ríos",2011,60.0990200079922,150.496442501301,15639.2199524935,0.0038428400003678,0.00962301463618114,0.0134658546365489
"Entre Ríos",2012,61.0816629551967,154.048094427539,15577.6713283839,0.00392110358907756,0.00988903226805471,0.0138101358571323
"Entre Ríos",2013,51.6719040497801,154.644629420457,16092.8208817134,0.00321086678523191,0.00960954145684818,0.0128204082420801
"Entre Ríos",2014,51.4066703447066,155.60659055606,15862.1201603139,0.00324084484451978,0.00980994904737758,0.0130507938918974
"Entre Ríos",2015,47.7788518197322,161.955807679207,16422.062249013,0.00290943068508974,0.00986208706454884,0.0127715177496386
"Entre Ríos",2016,44.2800124127526,162.92757233539,15653.6933002638,0.00282872620303647,0.0104082512165129,0.0132369774195493
"Entre Ríos",2017,47.8927070787666,167.407592532276,16435.7880329262,0.00291392825113235,0.0101855531476133,0.0130994813987456
"Entre Ríos",2018,47.2041635768256,165.784272846007,15785.9949729399,0.00299025583485502,0.0105019843937738,0.0134922402286289
"Entre Ríos",2019,45.1393077853022,160.9484601147,16031.4560994599,0.00281567110967686,0.0100395409572386,0.0128552120669155
"Entre Ríos",2020,15.5561771089967,93.0136998739056,14945.6222846183,0.00104085174994733,0.00622347454676633,0.00726432629671365
"Entre Ríos",2021,53.3888769850683,112.723426474914,15947.9481345514,0.00334769567436708,0.00706820874534308,0.0104159044197102
"Entre Ríos",2022,56.2421084065948,135.887634156989,16840.8175008364,0.00333963053775753,0.00806894523678792,0.0114085757745454
"Entre Ríos",2023,61.4494258028413,151.714722167734,16133.8605375337,0.00380872424550131,0.00940349780604499,0.0132122220515463
"Formosa",2004,4.82020355850356,19.6378201237806,2263.40846826855,0.0021296215977273,0.00867621571585045,0.0108058373135777
"Formosa",2005,4.68101574245613,17.5187923268862,2557.01038144831,0.00183065965489149,0.00685127931196096,0.00868193896685245
"Formosa",2006,5.69748752882305,18.6652242880105,2733.81650743553,0.00208407825226266,0.00682753368312912,0.00891161193539178
"Formosa",2007,5.53680307435736,19.5654115636018,2959.8668582085,0.00187062572054629,0.00661023366957932,0.00848085939012561
"Formosa",2008,5.22806512909133,20.2951372926556,2946.20295919163,0.00177450949629274,0.00688857406423355,0.00866308356052629
"Formosa",2009,4.75348161712614,23.2616677051466,2943.61768002621,0.00161484341169055,0.0079024079325884,0.00951725134427895
"Formosa",2010,5.56114798802728,25.8397297754993,3096.91269555451,0.00179570705884285,0.00834370623769639,0.0101394132965392
"Formosa",2011,6.1501061524711,29.4796385969882,3368.90592431825,0.00182554998288225,0.00875050810537366,0.0105760580882559
"Formosa",2012,7.2390237381852,33.1221711064078,3371.47899924292,0.00214713594235964,0.00982422584089817,0.0119713617832578
"Formosa",2013,7.05271775115611,32.9326980467051,3455.85719550987,0.00204080126931158,0.009529530933597,0.0115703322029086
"Formosa",2014,5.79332996477795,36.1986916258835,3413.80014620903,0.00169703254925786,0.0106036352673081,0.0123006678165659
"Formosa",2015,7.22705424093034,37.758138000179,3616.80672509852,0.00199818646398184,0.0104396338732063,0.0124378203371882
"Formosa",2016,6.60613190799677,35.666305538037,3602.64240463069,0.00183369070977056,0.00990004045147333,0.0117337311612439
"Formosa",2017,5.64876986415189,31.8694703231665,3694.74798771731,0.00152886472444953,0.00862561409576844,0.010154478820218
"Formosa",2018,4.63557735661162,29.7216997222768,3675.23797419787,0.0012612999183062,0.00808701366576504,0.00934831358407124
"Formosa",2019,4.20719811325705,27.9365265804942,3463.43943792705,0.00121474568522415,0.00806612244307493,0.00928086812829908
"Formosa",2020,0.744615079556834,15.3073361461939,3211.2396642174,0.000231877766039708,0.00476679966206272,0.00499867742810243
"Formosa",2021,0.38509500929952,16.0154823249849,3594.98703818395,0.000107119999379485,0.00445494855888975,0.00456206855826923
"Formosa",2022,1.64295397069248,18.572436977265,3880.46032464314,0.000423391513697172,0.00478614273139696,0.00520953424509413
"Formosa",2023,3.01437483905437,20.0063260399048,3796.36073858053,0.000794016966939093,0.0052698695981629,0.006063886565102
"Jujuy",2004,12.9978251607991,54.3262273217982,3654.78649044876,0.00355638426342195,0.014864405202266,0.018420789465688
"Jujuy",2005,15.8241416866804,52.609214134861,3854.75236446437,0.00410509941768444,0.0136478842635514,0.0177529836812359
"Jujuy",2006,16.6937001465558,56.1737805739255,4095.18808969741,0.00407641841617812,0.0137170208897722,0.0177934393059503
"Jujuy",2007,19.3131391766712,69.9212512936687,4428.65265925509,0.00436095143662039,0.0157883800499788,0.0201493314865992
"Jujuy",2008,18.8211935936977,82.7832013951363,4636.75197352817,0.00405913313913498,0.0178537048925102,0.0219128380316452
"Jujuy",2009,15.090457024542,96.4076446969324,4578.59374108994,0.00329587158806313,0.021056169240729,0.0243520408287921
"Jujuy",2010,15.2281755113204,100.288844477739,5056.44939094785,0.00301163411989887,0.0198338471768902,0.022845481296789
"Jujuy",2011,16.4585768708123,94.966194112942,5312.88092794206,0.00309786292861405,0.0178747077905484,0.0209725707191625
"Jujuy",2012,16.1994033091257,101.760958053943,5440.9687308354,0.0029773013061662,0.0187027279677674,0.0216800292739336
"Jujuy",2013,16.2653786724295,100.574221582599,5461.99011154874,0.00297792166229636,0.018413475588311,0.0213913972506074
"Jujuy",2014,15.9100404590976,100.378616034055,5507.38170821904,0.00288885741029244,0.0182261955593623,0.0211150529696547
"Jujuy",2015,19.0480785801607,98.7483448016955,5765.10691458774,0.00330402867845562,0.0171286233307881,0.0204326520092437
"Jujuy",2016,18.8860618732066,101.663783424037,5554.71009861516,0.00340000855812711,0.0183022662963784,0.0217022748545055
"Jujuy",2017,17.2690110513359,110.880009738861,5722.2589919504,0.00301786603431067,0.0193769645685101,0.0223948306028207
"Jujuy",2018,18.3890669411194,120.254983300347,5656.35622071058,0.00325104470503261,0.0212601502819142,0.0245111949869468
"Jujuy",2019,18.1900950098603,125.624268209805,5731.21069295233,0.00317386604408536,0.0219193247186472,0.0250931907627325
"Jujuy",2020,5.52321387235007,71.3745420013437,5324.04597217719,0.00103740912479226,0.0134060716932833,0.0144434808180756
"Jujuy",2021,14.0148508795277,99.3778651493728,5996.41132614568,0.00233720639183304,0.0165728899743857,0.0189100963662188
"Jujuy",2022,15.8679983210906,108.762139948129,6600.85235812076,0.00240393171369283,0.0164769841904317,0.0188809159041245
"Jujuy",2023,13.9172494955957,112.949470654335,6832.04884224432,0.00203705357162288,0.0165322984747913,0.0185693520464142
"La Pampa",2004,14.3808287764054,20.5890825462185,3826.12818499452,0.00375858520182486,0.00538117949810612,0.00913976469993098
"La Pampa",2005,14.9268912114779,24.1042704512172,4607.33584285458,0.00323980966888439,0.0052317155235384,0.0084715251924228
"La Pampa",2006,16.3161236516626,28.4695183130104,4615.95389717407,0.00353472413614258,0.00616763489133626,0.00970235902747885
"La Pampa",2007,15.6295191356551,32.7165633556761,5170.1940010205,0.0030230043848587,0.00632791793677732,0.00935092232163601
"La Pampa",2008,14.672782855151,35.88026146858,5578.67973078354,0.00263015329132188,0.00643167616713866,0.00906182945846054
"La Pampa",2009,13.5170829197406,35.2950783691722,5164.53700629682,0.00261728842358182,0.00683412246366692,0.00945141088724874
"La Pampa",2010,15.6014473080247,36.41440146037,5514.96057500113,0.00282893179304759,0.00660283985082931,0.0094317716438769
"La Pampa",2011,15.7072158246263,37.297228304344,5896.91549647768,0.00266363250991276,0.00632487074414111,0.00898850325405387
"La Pampa",2012,16.5209709799324,38.1011221003376,5900.32282654167,0.00280001136643158,0.00645746397619902,0.0092574753426306
"La Pampa",2013,17.4119121782259,40.2790043793754,5955.27362084684,0.00292378038135382,0.00676358584740355,0.00968736622875737
"La Pampa",2014,17.5077652278166,42.6100172995803,5675.19045417717,0.0030849652305378,0.00750812111833491,0.0105930863488727
"La Pampa",2015,16.7580035907947,43.5708512269549,5982.80442524246,0.00280102814661463,0.00728268018307972,0.0100837083296943
"La Pampa",2016,15.0731662607701,48.074779778432,6190.16840026825,0.00243501715722579,0.00776631210490957,0.0102013292621354
"La Pampa",2017,14.9666851468976,49.9611257508068,6008.98602480775,0.00249071724998336,0.00831440205461374,0.0108051193045971
"La Pampa",2018,20.1352746694024,46.6315751913245,5907.97462076357,0.00340815185607552,0.00789298840713328,0.0113011402632088
"La Pampa",2019,22.1812469407164,46.4020563493885,6048.17603203623,0.00366742747288205,0.00767207437475433,0.0113395018476364
"La Pampa",2020,7.77994803526299,26.5151746496698,5434.24529158516,0.0014316519806918,0.00487927453159468,0.00631092651228649
"La Pampa",2021,16.3279958452563,33.9562794739066,5867.06870090724,0.00278299039565217,0.00578760556675531,0.00857059596240748
"La Pampa",2022,22.0573863019559,40.2185542172102,6427.55032533397,0.00343169406469171,0.00625721342992681,0.00968890749461853
"La Pampa",2023,21.6899484989787,45.0558879027274,6122.83651294851,0.0035424673602029,0.00735866257533476,0.0109011299355377
"La Rioja",2004,7.65843194596968,49.3224591777858,2520.35051462331,0.00303863764247661,0.0195696824277466,0.0226083200702232
"La Rioja",2005,8.50006938586579,61.5384395759255,2718.37519664879,0.00312689337231471,0.0226379491880996,0.0257648425604143
"La Rioja",2006,9.91937024017196,81.7433193807819,2851.10113986737,0.00347913656989152,0.0286707890638297,0.0321499256337213
"La Rioja",2007,8.70802712522506,94.3691581526754,3127.93441236619,0.0027839545134956,0.0301698008051543,0.0329537553186499
"La Rioja",2008,8.54545774963998,97.1040519960503,3082.22835129927,0.00277249339622671,0.0315044963995343,0.034276989795761
"La Rioja",2009,7.40007143772739,94.394202618434,2970.52021331269,0.00249117020128771,0.0317769938731259,0.0342681640744136
"La Rioja",2010,10.1759231390485,113.873801292007,3280.83256877254,0.00310162829883624,0.0347088121399047,0.0378104404387409
"La Rioja",2011,10.7316654673542,121.131948872168,3458.64012945114,0.00310285692228328,0.0350229987331439,0.0381258556554272
"La Rioja",2012,9.5744239171084,118.800302103063,3331.50858712459,0.00287390041679948,0.035659611553215,0.0385335119700145
"La Rioja",2013,10.9748195513634,119.216826851685,3487.61566582744,0.0031467972973334,0.0341829026689501,0.0373296999662835
"La Rioja",2014,11.5830720229101,115.241246651528,3364.37643561597,0.00344285850426526,0.0342533746912387,0.037696233195504
"La Rioja",2015,10.9895954835516,128.580788472459,3439.16633549214,0.0031954242428286,0.0373871967591411,0.0405826210019697
"La Rioja",2016,11.5621409323456,149.122600909288,3389.21484864784,0.00341145116160412,0.0439991583799363,0.0474106095415404
"La Rioja",2017,11.069559971924,156.182945001165,3499.09437890105,0.00316354998558244,0.0446352478924038,0.0477987978779862
"La Rioja",2018,11.4992818749163,148.581111741465,3374.54258341544,0.00340765647214849,0.0440300005315337,0.0474376570036822
"La Rioja",2019,12.1818815697039,153.954857119889,3290.8072906423,0.00370179123048139,0.0467833098454817,0.0504851010759631
"La Rioja",2020,2.16019011408699,86.3167974225327,2906.70028253193,0.000743176077378477,0.0296958024675819,0.0304389785449604
"La Rioja",2021,4.80340461884372,110.357546225369,3212.7015155389,0.00149512944032026,0.0343503888212465,0.0358455182615667
"La Rioja",2022,12.0833261098442,143.338134790373,3474.28499819246,0.00347793175175057,0.0412568729580176,0.0447348047097681
"La Rioja",2023,11.4185202764225,161.548453728259,3455.50286022456,0.00330444532628181,0.0467510693126037,0.0500555146388855
"Mendoza",2004,81.7063415433159,180.647138998864,16294.4450017733,0.00501436787410826,0.0110864247895037,0.0161007926636119
"Mendoza",2005,90.9067175868994,201.980987599194,16879.1768138938,0.00538573169706186,0.0119662818765508,0.0173520135736127
"Mendoza",2006,104.49369150545,237.990811795044,18534.7403151254,0.0056377208274225,0.0128402560677276,0.0184779768951501
"Mendoza",2007,84.9445144546203,270.669008428377,19720.4039133226,0.0043074429321011,0.0137253278187431,0.0180327707508442
"Mendoza",2008,79.8367705186761,267.806317531531,20453.0011465049,0.00390342570984107,0.0130937418725611,0.0169971675824022
"Mendoza",2009,76.6567360512303,271.594378099267,19270.7731049306,0.00397787549227161,0.0140935901543969,0.0180714656466685
"Mendoza",2010,84.2210798588968,299.769951589911,20134.091206896,0.00418300875830198,0.0148886755557777,0.0190716843140797
"Mendoza",2011,86.2510085387061,322.426431684948,21275.2821912019,0.00405404768611596,0.0151549779122687,0.0192090255983846
"Mendoza",2012,86.1969333954921,339.80193212509,21433.7371422222,0.00402155409593473,0.0158536017247182,0.0198751558206529
"Mendoza",2013,92.8243726720086,348.874337675648,21570.8042404084,0.00430324116048124,0.016173450641312,0.0204766918017932
"Mendoza",2014,98.6683725204176,348.530387532921,21024.7307456591,0.00469296723530166,0.016577162949156,0.0212701301844577
"Mendoza",2015,96.8835134710234,360.076567900341,21772.8835679468,0.00444973276822421,0.0165378447359371,0.0209875775041613
"Mendoza",2016,97.0379485534497,368.330916896522,20724.6786329786,0.00468224141237278,0.0177725755568729,0.0224548169692457
"Mendoza",2017,112.702397494477,378.2287695377,20972.7750384665,0.0053737475030256,0.0180342739024275,0.0234080214054531
"Mendoza",2018,122.844500501625,384.804394824198,20971.269957329,0.00585775209377311,0.0183491221851215,0.0242068742788946
"Mendoza",2019,133.624326955375,391.675903075631,20673.8984332759,0.00646343152872893,0.0189454303618521,0.025408861890581
"Mendoza",2020,44.2777066754226,213.214890351269,17878.8139384013,0.00247654608566176,0.0119255612305082,0.01440210731617
"Mendoza",2021,89.2705570668534,273.932779903688,19083.2215341063,0.00467796052712093,0.0143546402484562,0.0190326007755771
"Mendoza",2022,154.361045046654,342.641230036259,19749.1888834469,0.00781607011597497,0.0173496355753349,0.0251657056913099
"Mendoza",2023,139.731161156116,347.776324437142,19617.1112227691,0.00712292241040737,0.0177282129100378,0.0248511353204452
"Misiones",2004,56.5445771555564,36.5515001102049,5385.67090220947,0.0104990776789497,0.00678680535329585,0.0172858830322456
"Misiones",2005,51.9396271324754,45.7211332985086,5744.00582384411,0.00904240502627405,0.0079597992586836,0.0170022042849576
"Misiones",2006,56.0234840548709,64.4754945265894,6067.00840815426,0.00923412006147436,0.0106272301254655,0.0198613501869399
"Misiones",2007,66.6892752281138,78.0856186819363,6351.36543563801,0.0104999902625528,0.0122943041891105,0.0227942944516634
"Misiones",2008,64.2456160892855,81.1577841104188,6295.85787696985,0.0102044260440336,0.0128906633053603,0.0230950893493939
"Misiones",2009,58.2459959042383,83.5164485518561,5977.04179535196,0.00974495375781599,0.0139728734399687,0.0237178271977847
"Misiones",2010,75.8357871530046,95.6387590816202,6459.00420605755,0.0117410957995479,0.0148070439390527,0.0265481397386006
"Misiones",2011,75.2924297167211,99.0416274032145,6879.94474863111,0.010943754996245,0.01439570098625,0.025339455982495
"Misiones",2012,81.6519268816504,96.4746000240665,6960.3940954763,0.0117309344502084,0.0138605082845478,0.0255914427347562
"Misiones",2013,79.0057800550548,97.4770827791496,7262.95608834942,0.0108779096409228,0.0134211306792166,0.0242990403201394
"Misiones",2014,89.7964101472671,104.110312203771,7326.81037490401,0.0122558665438975,0.0142095000247819,0.0264653665686794
"Misiones",2015,85.0307933191235,109.74657245777,7540.40451628256,0.0112766885563646,0.0145544674984991,0.0258311560548637
"Misiones",2016,94.0781257693588,110.394125192606,7356.693363169,0.0127880993708882,0.0150059435323606,0.0277940429032488
"Misiones",2017,122.071511356014,111.025909251064,7534.87876252235,0.01620085939049,0.0147349297513975,0.0309357891418875
"Misiones",2018,112.12473526402,108.143514946326,7423.1995360672,0.0151046371203196,0.0145683157809362,0.0296729529012558
"Misiones",2019,116.597794115694,99.4068802435853,7243.15488034725,0.0160976530312857,0.0137242516397523,0.029821904671038
"Misiones",2020,30.7371404082916,61.1114019809733,6921.47916978472,0.00444083405502001,0.00882924017856635,0.0132700742335864
"Misiones",2021,59.1751587096814,76.7120561917696,7781.66091710118,0.00760443809362556,0.00985805691214137,0.0174624950057669
"Misiones",2022,111.57976555702,89.0155194312222,8045.46512027348,0.0138686531964267,0.0110640613190796,0.0249327145155063
"Misiones",2023,137.037181972331,99.4231068040714,7912.89640693242,0.0173182075089817,0.0125646920787397,0.0298828995877213
"Neuquén",2004,45.7343187518217,58.1346571623262,13372.4994264506,0.00342002772206966,0.00434732919467072,0.00776735691674038
"Neuquén",2005,46.7779262602892,69.9889515512311,13195.5366615288,0.00354498096289398,0.00530398674540323,0.00884896770829721
"Neuquén",2006,51.503651470601,87.3407050035033,13627.6732928953,0.00377934298567695,0.00640906948136464,0.0101884124670416
"Neuquén",2007,35.6346376583167,109.082618579528,13948.422328293,0.00255474324046207,0.00782042699970911,0.0103751702401712
"Neuquén",2008,28.7746618509701,110.185989207648,14017.2110706293,0.00205280934316974,0.00786076407442591,0.00991357341759565
"Neuquén",2009,29.8838609656909,107.714249983619,13328.1265616423,0.00224216515558122,0.00808172472593525,0.0103238898815165
"Neuquén",2010,38.0381764747335,113.055562639685,13369.566242343,0.00284513168080667,0.00845618777680495,0.0113013194576116
"Neuquén",2011,26.2974660859399,115.289428013492,13371.8524533316,0.00196662849651679,0.00862179929189748,0.0105884277884143
"Neuquén",2012,29.6915339943507,118.627219545674,12835.6557182442,0.00231320741581967,0.00924200696479113,0.0115552143806108
"Neuquén",2013,37.0263608944154,129.892368643833,12814.8472134616,0.00288933299614531,0.0101360840656286,0.0130254170617739
"Neuquén",2014,41.8937326660598,136.539393668926,13271.4517393996,0.00315668048143428,0.010288203306619,0.0134448837880533
"Neuquén",2015,40.1420638832548,149.774856547989,13970.7987632753,0.00287328337938524,0.0107205650217866,0.0135938484011719
"Neuquén",2016,38.7881754995411,156.946450777162,13716.5911058934,0.00282782910127543,0.0114420886039046,0.01426991770518
"Neuquén",2017,42.6795870951053,160.542440372749,13625.8652092175,0.00313224785654226,0.0117821832160901,0.0149144310726324
"Neuquén",2018,45.3287727033438,173.43049076489,14449.9338571804,0.00313695364638775,0.0120021650257388,0.0151391186721266
"Neuquén",2019,51.7627207135991,184.741743763139,15780.5271128024,0.0032801642393558,0.011706943782205,0.0149871080215608
"Neuquén",2020,19.9508247124289,107.325596035146,14829.6587975422,0.00134533268666542,0.0072372262572173,0.00858255894388272
"Neuquén",2021,48.8091218349952,140.694848399139,17377.6085547911,0.00280873640818306,0.008096329708172,0.0109050661163551
"Neuquén",2022,52.7306825936693,171.921645794488,20651.4228707122,0.00255336801361285,0.00832492980608648,0.0108782978196993
"Neuquén",2023,55.5312583599899,192.093968868007,23045.1514249663,0.00240967209700472,0.00833554813008947,0.0107452202270942
"Río Negro",2004,88.0878895109453,74.0379441414817,5843.68911109249,0.0150740205093623,0.0126697267315167,0.027743747240879
"Río Negro",2005,83.7812742654213,95.4322091110577,6406.65149668428,0.0130772329833739,0.0148958015213482,0.0279730345047221
"Río Negro",2006,89.6150838286679,117.779771862462,7019.02500630612,0.0127674547032038,0.0167800758305669,0.0295475305337707
"Río Negro",2007,93.9865127348082,136.169521111555,7358.55825281185,0.0127724086031247,0.0185049185497067,0.0312773271528313
"Río Negro",2008,91.4077235059294,133.801156670911,7499.82182300736,0.0121879860166166,0.0178405780601942,0.0300285640768108
"Río Negro",2009,78.9557126316991,135.665437223735,7266.71131323476,0.0108653982838011,0.0186694408757713,0.0295348391595724
"Río Negro",2010,86.5360132868532,145.451546775408,7694.11341910767,0.0112470415463266,0.0189042634092437,0.0301513049555703
"Río Negro",2011,63.574169096036,154.986114801129,8275.05115059251,0.00768263155587672,0.0187293240827921,0.0264119556386689
"Río Negro",2012,77.1379338453717,166.580745878514,8429.29764959129,0.00915116977143545,0.0197621145679428,0.0289132843393782
"Río Negro",2013,86.0962217588632,177.660769410473,8704.8725064263,0.00989057814405706,0.0204093476704359,0.0302999258144929
"Río Negro",2014,95.0051604632425,175.919288644467,8527.59700702587,0.0111409064458567,0.0206294092579102,0.0317703157037669
"Río Negro",2015,91.408154791497,179.987101314385,8787.31694208939,0.0104022826755766,0.0204826003774013,0.0308848830529779
"Río Negro",2016,95.3905521858602,184.397811189596,8532.31555708157,0.0111799137699131,0.0216116961399243,0.0327916099098374
"Río Negro",2017,99.5550267685535,188.991706836521,8631.82755290788,0.0115334818910991,0.0218947500605308,0.0334282319516299
"Río Negro",2018,89.1000995405996,179.358280571112,8678.63808196082,0.0102665992865632,0.0206666390368232,0.0309332383233865
"Río Negro",2019,95.9358262017836,185.522345038768,8538.39794460823,0.0112358110765222,0.0217280040403739,0.0329638151168961
"Río Negro",2020,28.0991123334872,102.416526456446,7727.14628818319,0.00363641521533739,0.0132541202970452,0.0168905355123825
"Río Negro",2021,86.9895290683051,131.216337244065,8232.61745365859,0.0105664485879454,0.0159385927966023,0.0265050413845476
"Río Negro",2022,121.862392548931,175.739757682036,8504.37263653282,0.0143293806324335,0.0206646351462892,0.0349940157787227
"Río Negro",2023,128.534096658823,188.311675186337,8497.8289784613,0.0151255217049681,0.0221599747022014,0.0372854964071695
"Salta",2004,27.7835065701187,79.4359738699066,7264.36634413898,0.00382462905281958,0.0109350176060431,0.0147596466588627
"Salta",2005,33.8249006337107,92.948572969223,7804.94905476705,0.00433377596655181,0.0119089275685217,0.0162427035350735
"Salta",2006,35.6836256807219,109.327279411181,8573.354092507,0.00416215465915597,0.0127519846062035,0.0169141392653595
"Salta",2007,37.7393781720968,137.633307077924,9204.38366453522,0.00410015266068361,0.0149530171811753,0.0190531698418589
"Salta",2008,33.8164159968338,151.075695005165,9590.55993453525,0.00352601060080571,0.0157525416697671,0.0192785522705728
"Salta",2009,35.8707338097423,150.412488112912,9179.51506205182,0.003907693768926,0.0163856682075416,0.0202933619764676
"Salta",2010,42.8018959792813,164.224683212077,9908.62592826811,0.00431966009102964,0.0165739108934937,0.0208935709845233
"Salta",2011,45.4784609231858,171.290463742104,10451.4068260126,0.00435142002223031,0.0163892255457684,0.0207406455679987
"Salta",2012,45.5460405994811,168.551983540573,9919.34994974532,0.00459163562433348,0.0169922408620033,0.0215838764863368
"Salta",2013,46.2140619953884,175.059724814037,9502.62943306399,0.00486329203100234,0.0184222405016578,0.0232855325326601
"Salta",2014,51.332954206668,171.134257149508,10020.6637966453,0.0051227099569844,0.0170781358024206,0.022200845759405
"Salta",2015,50.8358946072227,170.505562465624,10794.8939944958,0.00470925371135125,0.0157950196224773,0.0205042733338286
"Salta",2016,50.9627310680105,178.93976783526,10431.2056821042,0.00488560312404177,0.0171542747107604,0.0220398778348021
"Salta",2017,51.9793459923456,186.64579182375,10819.7463432962,0.00480411872359202,0.0172504775899292,0.0220545963135213
"Salta",2018,49.9844889318446,192.115213459943,10709.291413273,0.00466739460184026,0.0179391153014883,0.0226065099033286
"Salta",2019,55.9736158971041,196.493321485776,10816.2164512222,0.00517497187205229,0.0181665485682448,0.023341520440297
"Salta",2020,12.5997160917105,116.017285179137,9911.73605681791,0.00127119164790951,0.0117050418326397,0.0129762334805492
"Salta",2021,40.2197001679701,137.645433434079,10724.0015078879,0.00375043775762126,0.0128352680044698,0.016585705762091
"Salta",2022,50.1258701776741,156.960032440095,11152.573495717,0.00449455636377776,0.0140738846061291,0.0185684409699068
"Salta",2023,52.9692417017258,189.412065968474,11613.8511657176,0.00456086796239331,0.0163091521723294,0.0208700201347227
"San Juan",2004,16.7427522068565,45.8862146875445,4791.38168783071,0.00349434741326917,0.00957682307049084,0.01307117048376
"San Juan",2005,18.5827277010058,72.8851750081881,5256.1746045536,0.00353540913289048,0.0138665817807965,0.017401990913687
"San Juan",2006,21.6855825253714,79.6244890338858,5878.56413978553,0.00368892505205575,0.0135448873467239,0.0172338123987796
"San Juan",2007,22.8166307345345,102.256585768208,6263.18481364202,0.00364297580439219,0.0163266115899183,0.0199695873943105
"San Juan",2008,27.9489096977711,105.420160331395,6694.73336645071,0.00417476069141623,0.0157467302371871,0.0199214909286034
"San Juan",2009,25.8761767177012,114.129440990157,6762.17027042128,0.00382660827558386,0.0168776349050801,0.0207042431806639
"San Juan",2010,28.1402240775035,126.799541828785,7877.72092691684,0.00357212756564568,0.0160959677304044,0.0196680952960501
"San Juan",2011,31.0350129977414,164.462331724583,8291.94963570466,0.00374278841059362,0.0198339761998092,0.0235767646104028
"San Juan",2012,31.4366670628769,191.756556501932,8364.79515436135,0.00375821122726311,0.0229242381867476,0.0266824494140107
"San Juan",2013,30.8771426871718,213.123707567057,8571.77442147999,0.00360218796819907,0.0248634293306869,0.0284656172988859
"San Juan",2014,23.8313210838283,152.144536495075,8160.63077947294,0.00292027929308762,0.0186437226001911,0.0215640018932787
"San Juan",2015,19.8553672240859,147.60756499996,7890.64585510047,0.00251631711632977,0.0187066518648213,0.0212229689811511
"San Juan",2016,19.7964735111336,152.877878623775,7514.0646169664,0.00263458920308379,0.0203455634755368,0.0229801526786206
"San Juan",2017,20.4534569557424,164.746325487903,7687.30312828606,0.00266068042516526,0.0214309651562595,0.0240916455814247
"San Juan",2018,21.181872854098,163.218252964249,7573.83207243594,0.00279671804860672,0.021550286750912,0.0243470047995188
"San Juan",2019,27.9927957514884,151.449273370949,7342.34498425865,0.0038125143685706,0.0206268261292057,0.0244393404977763
"San Juan",2020,8.66319503858314,87.7778558162317,6599.16228661312,0.00131277193412216,0.0133013634161256,0.0146141353502478
"San Juan",2021,17.0244255302086,120.381711012555,7362.78452039534,0.00231222650656826,0.0163500250046828,0.018662251511251
"San Juan",2022,25.6506123617647,138.297966138912,7844.68713454356,0.00326980693070779,0.0176295069219428,0.0208993138526506
"San Juan",2023,24.0479185767573,134.570323918622,7740.46991289905,0.00310677760489487,0.0173852912591739,0.0204920688640688
"San Luis",2004,20.3311394849274,40.269357999857,4486.51860352124,0.00453160708371309,0.00897563602394329,0.0135072431076564
"San Luis",2005,22.3763432197287,47.1911039378464,4784.65167130599,0.00467669221438245,0.00986301766142265,0.0145397098758051
"San Luis",2006,27.4745193497344,53.5633520242093,4948.98224194181,0.00555154939067923,0.010823104510311,0.0163746539009902
"San Luis",2007,32.0323952520725,69.2728063249536,5283.48361168461,0.00606274148011583,0.0131111992420596,0.0191739407221754
"San Luis",2008,32.1039197846403,72.3212891192262,5472.06657885175,0.0058668730217418,0.0132164490466419,0.0190833220683837
"San Luis",2009,29.8387499987934,81.1894798711048,5191.37238961268,0.00574775757918989,0.0156393095655313,0.0213870671447212
"San Luis",2010,31.7104221408735,94.7525538740732,5558.1624839006,0.00570519883733586,0.0170474602260238,0.0227526590633597
"San Luis",2011,33.8747044417941,111.454498166131,5904.01020636449,0.00573757552202016,0.018877761770463,0.0246153372924832
"San Luis",2012,32.350619505765,119.732743851504,5819.02647473116,0.00555945563166726,0.0205760782102363,0.0261355338419036
"San Luis",2013,36.1038230583644,121.043509675355,6228.93115487381,0.00579615060123358,0.0194324686957962,0.0252286192970298
"San Luis",2014,36.7422775635376,120.878052555383,6085.01611059336,0.00603815616848955,0.0198648697650853,0.0259030259335749
"San Luis",2015,37.3698259325382,128.553597627852,6427.08067169149,0.00581443237473836,0.0200018646403607,0.0258162970150991
"San Luis",2016,33.9841164887599,136.59319167576,6225.77792457226,0.00545861367053094,0.0219399396076507,0.0273985532781816
"San Luis",2017,33.446338652396,136.591648195169,6310.85027132787,0.00529981495589477,0.0216439373971122,0.026943752353007
"San Luis",2018,34.3138370138254,142.858665102239,5962.77232523844,0.00575467838484899,0.0239584302921588,0.0297131086770078
"San Luis",2019,40.8265533172244,144.474017578914,5815.62420290698,0.00702014983994615,0.0248423922416957,0.0318625420816418
"San Luis",2020,14.9789818904761,76.515089848278,5071.68028355058,0.00295345547294429,0.0150867336997653,0.0180401891727096
"San Luis",2021,32.564634045676,84.5866821709945,5970.13113543529,0.0054545927563284,0.0141683122618423,0.0196229050181707
"San Luis",2022,44.5177267530288,104.287208339524,6234.93894916019,0.00714004212647907,0.0167262597420575,0.0238663018685365
"San Luis",2023,38.771721918747,108.909234051587,6074.73654946847,0.00638245323118407,0.0179282234158972,0.0243106766470813
"Santa Cruz",2004,41.2015662110115,34.4850867704615,7427.58479029961,0.00554710142990499,0.00464283986572578,0.0101899412956308
"Santa Cruz",2005,63.0609175270496,45.1644944844512,7584.31811617815,0.00831464563604393,0.00595498419140813,0.0142696298274521
"Santa Cruz",2006,43.3868190642953,53.7427852423704,8245.58177957731,0.00526182629972283,0.00651776753648612,0.011779593836209
"Santa Cruz",2007,55.397811000247,64.6226902490443,8248.96001444384,0.00671573275943222,0.00783404091375042,0.0145497736731826
"Santa Cruz",2008,63.5690604169868,72.3255607615207,8251.8041145295,0.00770365601687715,0.00876481794256026,0.0164684739594374
"Santa Cruz",2009,58.6457625203661,70.2621085051725,8433.21644523301,0.00695413937270831,0.00833159079474227,0.0152857301674506
"Santa Cruz",2010,68.3920452708038,74.8571325099457,8619.34364673516,0.00793471615402054,0.0086847833869926,0.0166194995410131
"Santa Cruz",2011,67.3201213976857,91.592177277967,8599.20756973665,0.00782864244777701,0.0106512346091411,0.0184798770569181
"Santa Cruz",2012,38.1106049225035,96.5647642838681,9216.29961297961,0.00413513085759833,0.0104776068855089,0.0146127377431072
"Santa Cruz",2013,29.383891251843,105.865903030757,9318.38989470373,0.00315332279330186,0.0113609651696295,0.0145142879629314
"Santa Cruz",2014,52.8295888398025,106.095605545732,9435.88055944242,0.00559879796135574,0.011243847871682,0.0168426458330377
"Santa Cruz",2015,77.0033980419932,105.933559777835,10311.903672418,0.0074674279830561,0.0102729392305306,0.0177403672135867
"Santa Cruz",2016,63.7884481931357,102.746171718231,9534.39617747987,0.00669035007626422,0.0107763690333024,0.0174667191095666
"Santa Cruz",2017,43.3100438931306,96.4334379809249,9315.96164934317,0.00464901483317981,0.0103514206703206,0.0150004355035004
"Santa Cruz",2018,71.9226963179307,92.2673063730149,9190.0808010506,0.00782612230239679,0.010039879775863,0.0178660020782598
"Santa Cruz",2019,79.0163904196388,94.2786773542604,8994.2510738714,0.00878521066075018,0.0104821042441369,0.0192673149048871
"Santa Cruz",2020,29.3191531263184,57.6671096493582,7784.12493741895,0.00376653167337779,0.0074082970292714,0.0111748287026492
"Santa Cruz",2021,64.9394949555357,76.5089587731212,8274.13049018968,0.00784849780076976,0.00924676724204857,0.0170952650428183
"Santa Cruz",2022,85.5844999136977,89.3105457330208,8406.63453448718,0.0101805900521306,0.0106238168635303,0.0208044069156609
"Santa Cruz",2023,82.1274808636436,94.2601325188511,8409.22726805484,0.00976635286997551,0.0112091312928274,0.0209754841628029
"Santa Fe",2004,55.5438444435323,264.798244485608,34938.5999010332,0.00158975587461619,0.0075789598105154,0.00916871568513159
"Santa Fe",2005,53.9399647921565,305.829419356523,38666.0865155399,0.00139502002020499,0.00790950020849951,0.00930452022870451
"Santa Fe",2006,65.6529039031203,342.052273175417,40611.5950421143,0.00161660490889457,0.00842252742894506,0.0100391323378396
"Santa Fe",2007,56.1274632009498,366.723990167744,43483.6835360635,0.00129077066698823,0.00843359992406344,0.00972437059105167
"Santa Fe",2008,51.875015289443,377.347689752654,44717.8780855076,0.00116005091275239,0.0084384077668244,0.00959845867957679
"Santa Fe",2009,41.9769284513702,389.774459405752,40018.5885993521,0.0010489357551218,0.00973983523776904,0.0107887709928908
"Santa Fe",2010,48.0425144147965,420.682022894029,46302.5259819006,0.00103757869351612,0.00908550913741663,0.0101230878309327
"Santa Fe",2011,51.2336211726432,451.847941875769,47618.0465188038,0.00107592866398691,0.0094890062677674,0.0105649349317543
"Santa Fe",2012,53.469250755243,457.407943209712,45913.2515519001,0.00116457120652415,0.00996243846273141,0.0111270096692556
"Santa Fe",2013,52.8169892581556,465.234879214395,47923.8443109858,0.00110210251321696,0.00970779548058391,0.0108098979938009
"Santa Fe",2014,56.4139628439687,453.687698689125,46266.5643954941,0.00121932465876941,0.00980595176272284,0.0110252764214922
"Santa Fe",2015,52.6047237503283,455.891811931721,47172.4082810729,0.00111515874781901,0.00966437433542352,0.0107795330832425
"Santa Fe",2016,58.2919544262782,457.419891764359,44649.2214865059,0.00130555365772493,0.0102447450713693,0.0115502987290943
"Santa Fe",2017,63.9273065006059,479.404296089063,47253.4677916784,0.0013528595781041,0.0101453780747386,0.0114982376528428
"Santa Fe",2018,65.3663806602507,488.577305792533,45126.7020369173,0.00144850781709631,0.0108267895445326,0.0122752973616289
"Santa Fe",2019,65.5961535436629,495.731514401851,45613.2889641785,0.00143809304334922,0.0108681378970757,0.0123062309404249
"Santa Fe",2020,17.7944154795656,276.377923514966,42071.1474865617,0.00042296006984952,0.00656929843910833,0.00699225850895785
"Santa Fe",2021,53.1851604624439,336.761958905519,47392.0684022963,0.00112223758648751,0.00710587172618956,0.00822810931267707
"Santa Fe",2022,61.3229066060891,380.230270377603,48243.6940117235,0.00127110719571323,0.00788145017015498,0.00915255736586821
"Santa Fe",2023,58.9715314968793,404.075529235072,46447.5858546898,0.00126963609435742,0.00869960239697308,0.0099692384913305
"Santiago del Estero",2004,17.0570937254673,43.1483896712516,5165.68941377949,0.00330199753782476,0.00835288113841168,0.0116548786762364
"Santiago del Estero",2005,20.7660792890823,52.1742751683231,5201.63404091613,0.00399222227587255,0.0100303625279901,0.0140225848038627
"Santiago del Estero",2006,21.9072040516003,57.8019576032468,6406.16319009137,0.00341970746007297,0.00902286686868219,0.0124425743287552
"Santiago del Estero",2007,22.238829882599,68.5924228688887,7162.09846695394,0.00310507178660129,0.00957714044080453,0.0126822122274058
"Santiago del Estero",2008,16.5515328708413,73.5853874453236,7454.66971731944,0.00222029056933094,0.00987104596657886,0.0120913365359098
"Santiago del Estero",2009,15.0791802884449,79.3387801313906,6372.61920357521,0.00236624530773549,0.0124499483802326,0.0148161936879681
"Santiago del Estero",2010,16.8213135866224,93.3711084956971,8384.79265541707,0.00200616929695391,0.0111357683287939,0.0131419376257478
"Santiago del Estero",2011,17.1353711175658,99.0787432855885,8883.76643366124,0.00192884079579565,0.0111527857047403,0.0130816265005359
"Santiago del Estero",2012,20.7515207808502,106.840013935519,8174.47721813411,0.00253857466686865,0.0130699506628396,0.0156085253297082
"Santiago del Estero",2013,23.0918388668612,99.8255662039625,9182.84877239897,0.00251467049487613,0.0108708711945698,0.0133855416894459
"Santiago del Estero",2014,21.3269622887348,98.2164212541258,10629.100732517,0.00200646911017509,0.00924033215280931,0.0112468012629844
"Santiago del Estero",2015,21.2216911779238,104.520428490629,10455.520674255,0.00202971155995882,0.00999667369488287,0.0120263852548417
"Santiago del Estero",2016,24.6361895396042,112.654132011861,10749.1344608729,0.00229192309662518,0.0104802979646338,0.0127722210612589
"Santiago del Estero",2017,26.435504228455,102.683428564115,11389.7544537177,0.00232098982782076,0.00901542074338559,0.0113364105712064
"Santiago del Estero",2018,27.4844626352384,112.028731498564,10042.6272813302,0.00273678011393827,0.011155321048988,0.0138921011629263
"Santiago del Estero",2019,32.3022081055737,112.007374417256,10559.3539000933,0.00305910838969876,0.0106074079415282,0.0136665163312269
"Santiago del Estero",2020,4.76931799305315,54.1578026129649,9523.96353635282,0.000500770291155435,0.00568647731653375,0.00618724760768919
"Santiago del Estero",2021,23.399588722981,67.4788901144455,10254.3150616324,0.0022819260557473,0.00658053606787692,0.00886246212362422
"Santiago del Estero",2022,34.4390548634517,87.5950888361731,11004.8150922857,0.00312945329609338,0.00795970564717407,0.0110891589432674
"Santiago del Estero",2023,31.6639323668513,123.803515612513,9499.45133722092,0.00333323802005123,0.0130327017021945,0.0163659397222457
"Tucumán",2004,18.614668943224,74.8952550886499,7416.99310237229,0.00250973254070712,0.0100977921989296,0.0126075247396368
"Tucumán",2005,22.6623419813809,87.656157196369,8198.92817431262,0.00276406153335779,0.0106911727158432,0.013455234249201
"Tucumán",2006,23.9076690001023,104.647665615605,9085.140356995,0.00263151344510543,0.011518552438767,0.0141500658838724
"Tucumán",2007,22.8863696513034,134.994388854203,9762.86860857173,0.00234422592056697,0.0138273282440449,0.0161715541646118
"Tucumán",2008,21.9283723576436,168.726477180678,10285.590586673,0.00213195072979631,0.0164041603405152,0.0185361110703115
"Tucumán",2009,20.3006316965517,164.283364887716,9836.8313619414,0.00206373688331129,0.0167008418506926,0.0187645787340038
"Tucumán",2010,23.6853126846448,168.111908083653,10464.523426848,0.00226339143394502,0.0160649368563065,0.0183283282902515
"Tucumán",2011,21.6747897789383,174.685181628163,11355.5421683092,0.00190874107617933,0.0153832533082983,0.0172919943844776
"Tucumán",2012,21.066017438797,182.562830064373,11245.1323200902,0.00187334544753743,0.0162348316469529,0.0181081770944903
"Tucumán",2013,24.9932514459378,182.037215360669,11193.523602466,0.00223283144196271,0.0162627267182038,0.0184955581601665
"Tucumán",2014,32.5694424405515,176.692944568935,10953.2278593584,0.0029735017712358,0.0161315866736004,0.0191050884448362
"Tucumán",2015,31.6211234153638,175.978560663575,11262.9647454252,0.00280753106576203,0.0156245326733402,0.0184320637391022
"Tucumán",2016,38.7378938957775,177.227923564644,11443.9537513191,0.00338500965117168,0.0154865990737,0.0188716087248717
"Tucumán",2017,35.5341054255058,184.376921747157,11819.3781037808,0.00300642767440861,0.0155995450968929,0.0186059727713015
"Tucumán",2018,34.6017138104429,188.805759438423,11939.2913325724,0.00289813799216404,0.0158138162625556,0.0187119542547197
"Tucumán",2019,31.7839221403087,189.054916486707,12039.8950818973,0.00263988364716714,0.0157023724210822,0.0183422560682493
"Tucumán",2020,8.41401586148839,103.04538649612,10853.0198981601,0.000775269550820119,0.00949462798954134,0.0102698975403615
"Tucumán",2021,31.409248940792,119.779857541498,11828.7179814827,0.00265533838831577,0.01012619099796,0.0127815293862758
"Tucumán",2022,35.4921279542397,129.680347901518,11946.7408353563,0.00297086280211261,0.0108548724450212,0.0138257352471338
"Tucumán",2023,30.2759784465467,134.159457596787,11621.8139494094,0.00260509921930778,0.0115437622888125,0.0141488615081202
"Tierra del Fuego",2004,35.76129423064,53.5371253484042,3329.92129374721,0.0107393812273555,0.0160775948215155,0.0268169760488709
"Tierra del Fuego",2005,41.9594821491146,63.9053376725149,3625.8556875563,0.0115722978973258,0.0176248982803794,0.0291971961777052
"Tierra del Fuego",2006,49.2543680154727,74.7280697913275,4100.32468331015,0.0120123092241832,0.0182249152354931,0.0302372244596763
"Tierra del Fuego",2007,51.1571109709499,81.3239449250393,4258.15779145936,0.0120139068292763,0.0190983868864963,0.0311122937157726
"Tierra del Fuego",2008,51.5937124801221,84.5677969341609,4250.45277103787,0.0121384038970333,0.0198961855335499,0.0320345894305832
"Tierra del Fuego",2009,51.6803716711794,78.84634802987,3828.91886421872,0.0134973796791917,0.0205923266660701,0.0340897063452618
"Tierra del Fuego",2010,54.1533451285306,89.0039012910535,4809.21182537941,0.0112603368482856,0.0185069621640198,0.0297672990123054
"Tierra del Fuego",2011,47.8269468354319,100.66420128319,5964.93214082823,0.00801802027353678,0.0168760010854395,0.0248940213589762
"Tierra del Fuego",2012,48.2585862863021,115.343778037881,6423.7369943213,0.00751254080435789,0.0179558687007029,0.0254684095050608
"Tierra del Fuego",2013,60.0781065174359,121.116331530748,6429.33916783911,0.00934436727462739,0.0188380684809097,0.0281824357555371
"Tierra del Fuego",2014,62.1522308479259,126.264621293921,5718.74590997973,0.0108681574293176,0.0220790752520719,0.0329472326813895
"Tierra del Fuego",2015,64.886779823355,129.221709308749,5911.45194120097,0.0109764539183875,0.0218595550795422,0.0328360089979297
"Tierra del Fuego",2016,65.3100839168188,136.353598668468,5631.51541990822,0.0115972485285112,0.0242125943909233,0.0358098429194345
"Tierra del Fuego",2017,62.0485052920127,145.574740194712,5665.80011590318,0.0109514109256785,0.0256935891165843,0.0366450000422628
"Tierra del Fuego",2018,58.8228105004312,141.340222768395,5612.7083694092,0.0104802898402902,0.0251821782757747,0.0356624681160649
"Tierra del Fuego",2019,69.7534575859283,133.926769935707,5082.53404298922,0.0137241496064636,0.0263503930918955,0.0400745426983591
"Tierra del Fuego",2020,21.2124840885289,83.9577068577364,4749.31768704314,0.00446642770316245,0.0176778460381342,0.0221442737412967
"Tierra del Fuego",2021,68.5337018002051,117.112555706396,5446.25506906229,0.012583637918377,0.0215033181922858,0.0340869561106628
"Tierra del Fuego",2022,87.2493404312703,141.2311293986,5848.9925174346,0.0149169861597871,0.0241462318472148,0.0390632180070019
"Tierra del Fuego",2023,86.6127181980611,150.378608408917,5577.54335100767,0.0155288292259375,0.0269614414349193,0.0424902706608568
